link,page
https://www.goodreads.com/list/show/22031.Nonfiction_With_a_Side_of_Self_Help?page=1,1
https://www.goodreads.com/list/show/22031.Nonfiction_With_a_Side_of_Self_Help?page=2,2
https://www.goodreads.com/list/show/22031.Nonfiction_With_a_Side_of_Self_Help?page=3,3
https://www.goodreads.com/list/show/22031.Nonfiction_With_a_Side_of_Self_Help?page=4,4
https://www.goodreads.com/list/show/22031.Nonfiction_With_a_Side_of_Self_Help?page=5,5
https://www.goodreads.com/list/show/22031.Nonfiction_With_a_Side_of_Self_Help?page=6,6
https://www.goodreads.com/list/show/22031.Nonfiction_With_a_Side_of_Self_Help?page=7,7
https://www.goodreads.com/list/show/22031.Nonfiction_With_a_Side_of_Self_Help?page=8,8
https://www.goodreads.com/list/show/22031.Nonfiction_With_a_Side_of_Self_Help?page=9,9
,
