page,link
1,https://www.goodreads.com/list/show/22031.Nonfiction_With_a_Side_of_Self_Help?page=1
2,https://www.goodreads.com/list/show/22031.Nonfiction_With_a_Side_of_Self_Help?page=2
3,https://www.goodreads.com/list/show/22031.Nonfiction_With_a_Side_of_Self_Help?page=3
4,https://www.goodreads.com/list/show/22031.Nonfiction_With_a_Side_of_Self_Help?page=4
5,https://www.goodreads.com/list/show/22031.Nonfiction_With_a_Side_of_Self_Help?page=5
6,https://www.goodreads.com/list/show/22031.Nonfiction_With_a_Side_of_Self_Help?page=6
7,https://www.goodreads.com/list/show/22031.Nonfiction_With_a_Side_of_Self_Help?page=7
8,https://www.goodreads.com/list/show/22031.Nonfiction_With_a_Side_of_Self_Help?page=8
9,https://www.goodreads.com/list/show/22031.Nonfiction_With_a_Side_of_Self_Help?page=9
